,CombinedBetween
Dominican Republic,0.06647569796682092
Gaziantep,0.05306179371755675
Algiers,0.033933234968679254
Novosibirsk,0.03128047024781733
Nashik,0.03128047024781733
Karaj,0.028002857686655353
United Kingdom,0.02563945625169088
Anyang,0.024592115021321723
Omsk,0.02309121490862276
Ahmedabad,0.020289720334713077
Aurangabad,0.020289720334713077
Auckland,0.020289720334713077
Rasapūdipalem,0.02016084185571835
Nepal,0.02009982614913384
Nouakchott,0.019429697938941004
Ordos,0.01693945627057737
Iraq,0.016541146709806227
Ghāziābād,0.015816372424516785
Dar es Salaam,0.015216752941790465
Dammam,0.015216752941790465
Stockholm,0.014092185479033813
Guarulhos,0.01357016431817287
Nizhniy Novgorod,0.01296176119614989
New Zealand,0.01296176119614989
Ecatepec de Morelos,0.012798538535846976
Abu Dhabi,0.012106224604692082
Netherlands,0.011668464399894735
New Territories,0.011668464399894735
Shiraz,0.011385295586041727
Al Mawşil al Jadīdah,0.010705341619305777
Al Başrah al Qadīmah,0.010705341619305777
Iceland,0.010625127163616542
Ireland,0.010625127163616542
Najafgarh,0.010515233656774009
Amritsar,0.010088431965643904
Guayaquil,0.0100478465536966
United Arab Emirates,0.009784647698962812
United States,0.009784647698962812
Ulsan,0.008795917324464258
Uzbekistan,0.008795917324464258
The Bronx,0.008693591023668417
Depok,0.008216447315480102
Denmark,0.008216447315480102
Egypt,0.008040773705970361
Erbil,0.00794396588770688
Switzerland,0.007923303827828286
Kharkiv,0.007918809765520538
Kyiv,0.007918809765520538
Lucknow,0.007850108510317083
Ivory Coast,0.007573749542401364
Oman,0.007471199361556973
Omdurman,0.007471199361556973
Israel,0.006969590919348147
Istanbul,0.006969590919348147
Almaty,0.006698922496755417
Anshan,0.005885899927738813
Asunción,0.005885899927738813
Abidjan,0.005885899927738813
Azerbaijan,0.005885899927738813
Aden,0.005885899927738813
Afghanistan,0.005885899927738813
Amman,0.005885899927738813
Adelaide,0.005539625491598203
Minsk,0.00550775934461259
Thailand,0.00524284029392086
Khartoum,0.005117110163090708
Prayagraj,0.0051043481559881285
Osaka,0.005078457495773203
Onitsha,0.005078457495773203
Gabon,0.004927122751190659
Guilin,0.004927122751190659
Riyadh,0.004691739913146716
Uganda,0.004532871479177162
Ufa,0.004532871479177162
Shymkent,0.004454276698476298
Surat,0.004454276698476298
Goyang-si,0.004379922725494834
Eswatini,0.00404875046740137
Seoul,0.004026622339942971
Senegal,0.004026622339942971
Rabat,0.004025183116459183
Ra’s Bayrūt,0.004025183116459183
Rājkot,0.004025183116459183
Estonia,0.0039291959522921365
Ethiopia,0.0039291959522921365
Equatorial Guinea,0.0039291959522921365
Eritrea,0.0039291959522921365
Ilorin,0.0038921796007166704
Isfahan,0.0038921796007166704
Iran,0.0038921796007166704
Incheon,0.0038921796007166704
Ibadan,0.0038921796007166704
La Paz,0.003757385372362611
Moscow,0.0036448960463372976
Nauru,0.0035670392638102832
İzmir,0.0035377772779180716
Navi Mumbai,0.00348143397726548
Nairobi,0.00348143397726548
Tabriz,0.0032224645732615975
Nanchong,0.0032051136391033235
Nantong,0.0032051136391033235
Nanning,0.0032051136391033235
Nanjing,0.0032051136391033235
Nanyang,0.0032051136391033235
Neijiang,0.0032051136391033235
Nanchang,0.0032051136391033235
Ouagadougou,0.0031752013763280255
Italy,0.003028528903597031
Yokohama,0.0030023521650405496
Uruguay,0.0029856571622873204
Hohhot,0.0029646580284711436
Damascus,0.0029079279438959755
Dallas,0.0029079279438959755
Honduras,0.0028739307159392456
Nowrangapur,0.002753497255067318
Niger,0.002753497255067318
Nagpur,0.002753497255067318
El Salvador,0.0027002565294859233
Ecuador,0.0027002565294859233
Gazipur,0.0026948979883520325
Gwalior,0.0026948979883520325
Gorakhpur,0.0026948979883520325
Ukraine,0.002622116365135577
Iztapalapa,0.0025325123425344715
Indonesia,0.0025325123425344715
India,0.0025325123425344715
Yantai,0.0025090810793832958
Germany,0.002492647302318289
Gustavo Adolfo Madero,0.0024099086744894757
Greece,0.0023914260861096466
Yulin,0.0023368012016095675
Yerevan,0.0023368012016095675
Yemen,0.0023368012016095675
Yinchuan,0.0023368012016095675
Yangon,0.0023368012016095675
Antananarivo,0.0023290161471604116
Abobo,0.0023290161471604116
Aleppo,0.0023290161471604116
Sharjah,0.002310567352780369
Shubrā al Khaymah,0.002310567352780369
Republic of the Congo,0.0021718525273213586
Rio de Janeiro,0.0021718525273213586
Romania,0.0021703209641998587
Russia,0.0021703209641998587
Rwanda,0.0021703209641998587
Hyderabad,0.002044644047168487
Hong Kong Island,0.002044644047168487
Ningbo,0.0020091815932975353
Rawalpindi,0.0019850980524521566
Ranchi,0.0019850980524521566
Tangerang,0.0019751434301401366
Taichung,0.0019751434301401366
Taguig,0.0019751434301401366
Meerut,0.0018901732037558676
Kuwait,0.0018278739413300834
Mashhad,0.0018157852790127108
Madrid,0.0018157852790127108
Kabul,0.0017929809663279127
Laos,0.001770885048179311
Los Angeles,0.001770885048179311
Lagos,0.001770885048179311
Shaoxing,0.001686157012506286
Shenyang,0.001686157012506286
Shijiazhuang,0.001686157012506286
South Tangerang,0.001686157012506286
Saint Petersburg,0.001686157012506286
Semarang,0.001686157012506286
Indore,0.0016556294062032052
Yekaterinburg,0.001636760673465999
Yichang,0.001636760673465999
Yixing,0.001636760673465999
Yangjiang,0.001636760673465999
Yancheng,0.001636760673465999
Yangzhou,0.0015339350528933153
Yiwu,0.0015339350528933153
Yunfu,0.0015339350528933153
Sydney,0.0015290230634342455
Luohu District,0.001526648333094848
Rostov-na-Donu,0.0015104829918151017
Sendai,0.0014832038999711202
Shanghai,0.0014832038999711202
Phoenix,0.001377459032024013
Mosul,0.0013235077429055902
Montréal,0.0013235077429055902
Daqing,0.001302634813853465
Datong,0.001302634813853465
Da Nang,0.001302634813853465
Maoming,0.0012898901473934385
Mianyang,0.0012898901473934385
New York City,0.0012418262410069075
Norway,0.0012418262410069075
Niamey,0.0012418262410069075
New Taipei City,0.0012418262410069075
North Macedonia,0.0011599959709134263
Nagoya,0.0011599959709134263
Nigeria,0.0011599959709134263
N'Djamena,0.0011599959709134263
North Korea,0.0011599959709134263
Nicaragua,0.0011599959709134263
Namibia,0.0011599959709134263
Guangzhou,0.00108423939970929
Ganzhou,0.00108423939970929
Gwangju,0.00108423939970929
Guankou,0.00108423939970929
Guinea-Bissau,0.00108423939970929
Lüliang,0.0010153601393718713
Luxembourg,0.0010153601393718713
Lianyungang,0.0010153601393718713
Luoyang,0.0010153601393718713
Liaocheng,0.0010153601393718713
Recife,0.00101314360109125
Rome,0.00101314360109125
Liechtenstein,0.0009915414126046187
Lebanon,0.0009915414126046187
Lu’an,0.0009915414126046187
London,0.0009915414126046187
Turkey,0.0009775077702981307
Taizhou,0.0009453758663938572
Tuvalu,0.0009453758663938572
Wuhan,0.0008946485012681924
Weinan,0.0008946485012681924
Tehran,0.0008764273995501106
Tajikistan,0.0008764273995501106
Tai’an,0.0008764273995501106
Tainan,0.0008764273995501106
Tangshan,0.0008764273995501106
Tianjin,0.0008764273995501106
Taiyuan,0.0008764273995501106
Turkmenistan,0.0008764273995501106
Srinagar,0.0008730743027392904
Salvador,0.0008730743027392904
Maldives,0.0008682744833468833
Mauritius,0.0008682744833468833
Manaus,0.0008682744833468833
Marshall Islands,0.0008682744833468833
Hengyang,0.000793452820014561
Hong Kong,0.000793452820014561
Haiphong,0.000793452820014561
Hamburg,0.000793452820014561
Goiânia,0.000785225093731813
Guatemala,0.000785225093731813
Guinea,0.000785225093731813
Ghana,0.000785225093731813
Giza,0.000785225093731813
Gambia,0.000785225093731813
Guyana,0.000785225093731813
Grenada,0.000785225093731813
Gujranwala,0.000785225093731813
Georgia,0.000785225093731813
Guadalajara,0.000785225093731813
Sweden,0.0007691939267534364
Suwon,0.0007691939267534364
Shiyan,0.0007691939267534364
Shenzhen,0.0007691939267534364
Spain,0.0007691939267534364
Suqian,0.0007691939267534364
South Sudan,0.0007691939267534364
Sudan,0.0007691939267534364
Dhaka,0.0007512774182534878
Dominica,0.0007512774182534878
Douala,0.0007512774182534878
Weifang,0.0007412738486298094
Zhongshan,0.0007170572136671956
Zapopan,0.0007170572136671956
Dakar,0.00071305348366707
Diyarbakır,0.00071305348366707
Kunming,0.0006946069106442773
Kaohsiung,0.0006946069106442773
Kaifeng,0.0006946069106442773
Dongguan,0.0006716749739161728
Durban,0.0006716749739161728
Dalian,0.0006716749739161728
Daejeon,0.0006716749739161728
Lanzhou,0.000658432749093294
Liuzhou,0.000658432749093294
Munich,0.0006268956454405587
Madinah,0.0006268956454405587
Makkah,0.0006268956454405587
Zambia,0.0006226866573027282
Queens,0.0006187902159271188
Havana,0.0006042331133806283
Hiroshima,0.0006042331133806283
Xi’an,0.000592385421046777
Xiamen,0.000592385421046777
Daegu,0.0005880280833795995
Dazhou,0.0005880280833795995
Lesotho,0.0005714711090124584
Dubai,0.0005600135904419158
Djibouti,0.0005600135904419158
Dombivali,0.0005600135904419158
Delhi,0.0005600135904419158
Visakhapatnam,0.0005512763490723998
Vietnam,0.0005512763490723998
Wuxi,0.0005416349598117552
Handan,0.0005396490449295213
Huainan,0.0005396490449295213
Harbin,0.0005396490449295213
Houston,0.0005396490449295213
Heshan,0.0005396490449295213
Huai'an,0.0005396490449295213
Chelyabinsk,0.00048332424116052925
Hangzhou,0.0004722741064225339
Haikou,0.0004722741064225339
Huizhou,0.0004722741064225339
Touba,0.0004687681656747032
Tunisia,0.0004687681656747032
Tijuana,0.0004687681656747032
Tonga,0.0004687681656747032
Tanzania,0.0004687681656747032
Kobe,0.0004648815393659625
Sierra Leone,0.00042134395880556497
São Tomé and Príncipe,0.00042134395880556497
Suriname,0.00042134395880556497
Singapore,0.00042134395880556497
Chattogram,0.0004180313001856027
Chongqing,0.00040600679551081276
Tirunelveli,0.0004004632196821755
Tianshui,0.0004004632196821755
Taipei,0.0004004632196821755
Tripoli,0.0004004632196821755
Thāne,0.0003855214918181131
Timor-Leste,0.0003855214918181131
Liupanshui,0.0003823818577699677
Lubumbashi,0.0003823818577699677
Linyi,0.0003823818577699677
Shangqiu,0.0003767774647352882
Shantou,0.0003767774647352882
Suzhou,0.0003767774647352882
Zhengzhou,0.000366697278546367
Zhuzhou,0.000366697278546367
Xuzhou,0.0003650305077212965
Port Harcourt,0.00035581167938948666
Trinidad and Tobago,0.00034834333218143067
Tokyo,0.00034834333218143067
Toronto,0.00034834333218143067
Togo,0.00034834333218143067
León de los Aldama,0.0003388545572220437
Ludhiana,0.0003388545572220437
Luanda,0.0003388545572220437
Lima,0.0003388545572220437
Liberia,0.0003388545572220437
Libya,0.0003388545572220437
Lithuania,0.0003388545572220437
Latvia,0.0003388545572220437
Lusaka,0.0003388545572220437
Zunyi,0.0003385559992732616
Zhuhai,0.0003385559992732616
São Paulo,0.000337049464660922
Sapporo,0.000337049464660922
Santo Domingo,0.000337049464660922
Shangrao,0.000337049464660922
San Antonio,0.000337049464660922
Santiago,0.000337049464660922
Soweto,0.000337049464660922
Santiago de Querétaro,0.000337049464660922
San Marino,0.000337049464660922
San Diego,0.000337049464660922
Hefei,0.000326735056283676
Hanoi,0.000326735056283676
Haiti,0.000326735056283676
Huaibei,0.000326735056283676
Ciudad Nezahualcoyotl,0.0003125997279666601
Hungary,0.00030555343365671066
Ho Chi Minh City,0.00030555343365671066
Zigong,0.0002956025301522691
Zhanjiang,0.0002956025301522691
Zhaoqing,0.0002956025301522691
Zhangjiagang,0.0002956025301522691
Malawi,0.00028525969179764716
Mumbai,0.00028525969179764716
Madurai,0.00028525969179764716
Mbuji-Mayi,0.00028525969179764716
Mali,0.00028525969179764716
Maiduguri,0.00028525969179764716
Ciudad Juárez,0.0002833845253766271
Kigali,0.00027817316292830604
Kayseri,0.00027817316292830604
Karachi,0.00027817316292830604
Kiribati,0.00027817316292830604
Kallakurichi,0.00027817316292830604
Kisangani,0.00027817316292830604
Kawasaki,0.00027817316292830604
Kumasi,0.00027817316292830604
Kuala Lumpur,0.0002764737189411409
Kanpur,0.0002764737189411409
Harare,0.0002713229157536349
Heze,0.0002713229157536349
Democratic Republic of the Congo,0.0002652598863527287
Davao,0.0002652598863527287
Kunshan,0.0002593325647597299
Kyrgyzstan,0.0002593325647597299
Kazan,0.0002593325647597299
Kazakhstan,0.0002593325647597299
Kalyān,0.0002593325647597299
Kowloon,0.0002593325647597299
Wanzhou,0.0002592484157261539
Wenzhou,0.0002592484157261539
Wuhu,0.0002592484157261539
Mandalay,0.0002576911393193836
Mexico City,0.0002576911393193836
Monterrey,0.0002576911393193836
Xuchang,0.0002549113596469049
Xining,0.0002549113596469049
Xiangyang,0.0002549113596469049
Xinyang,0.0002549113596469049
Kathmandu,0.00024547673018662303
Varanasi,0.00024531107686188975
Mogadishu,0.00024470921794309246
Qingyang,0.0002294809488205715
Qujing,0.0002294809488205715
Madagascar,0.00022743156773698608
Myanmar,0.00022743156773698608
Makassar,0.00022743156773698608
Qingyuan,0.00022698303536938902
Zimbabwe,0.00022585557124777376
Kenya,0.00021305450489951733
Kolkata,0.00021305450489951733
Kananga,0.00021305450489951733
Karbala,0.00021305450489951733
Konya,0.00021305450489951733
Khulna,0.00021305450489951733
Kampala,0.00021305450489951733
Kaduna,0.00021305450489951733
Kakamega,0.00021305450489951733
Kinshasa,0.00021305450489951733
Zibo,0.00021269075130417818
Jeddah,0.00019578769564326142
Medan,0.00018769144575140378
Medellín,0.00018769144575140378
Milan,0.00018769144575140378
Meishan,0.00018769144575140378
Manhattan,0.00018769144575140378
Multan,0.00018769144575140378
Vatican City,0.00018627681971442498
Chad,0.0001786759400368481
Caracas,0.0001778871472053971
Cyprus,0.0001778871472053971
Comoros,0.0001778871472053971
Mozambique,0.00017013271603679
Melbourne,0.00017013271603679
Virār,0.00016924938945591815
Quetta,0.0001657956092466843
Samara,0.0001644217615489846
Samoa,0.0001644217615489846
Saint Lucia,0.0001644217615489846
Serbia,0.0001644217615489846
Saudi Arabia,0.0001644217615489846
Sri Lanka,0.0001644217615489846
South Korea,0.0001644217615489846
South Africa,0.0001644217615489846
Surabaya,0.0001644217615489846
Somalia,0.0001644217615489846
Slovenia,0.0001644217615489846
Slovakia,0.0001644217615489846
Saitama,0.0001644217615489846
Syria,0.0001644217615489846
Sanaa,0.0001644217615489846
Santa Cruz de la Sierra,0.0001644217615489846
Sofia,0.0001644217615489846
Lahore,0.0001641632367666748
Lilongwe,0.0001641632367666748
Luohe,0.0001641632367666748
Phnom Penh,0.0001588296203223522
Perth,0.0001588296203223522
Vienna,0.00015460600199237098
Vadodara,0.00015460600199237098
Venezuela,0.00015460600199237098
Valencia,0.00015460600199237098
Vijayawada,0.00015460600199237098
Jordan,0.00014012183312193653
Jiangmen,0.00014012183312193653
Jilin,0.00014012183312193653
Jinan,0.00014012183312193653
Jiangyin,0.00014012183312193653
Japan,0.00014012183312193653
Poland,0.00012962478544970864
Pimpri-Chinchwad,0.00012962478544970864
Qatar,0.000124356029495345
Jingzhou,0.00011527561239107888
Kyoto,0.00010926962166540923
Kano,0.00010926962166540923
Jodhpur,0.00010665531548489998
Jaipur,0.00010665531548489998
Jamshedpur,0.00010665531548489998
Jabalpur,0.00010665531548489998
Portugal,9.577021835687917e-05
Philippines,9.267619376219638e-05
Paris,9.267619376219638e-05
Qinzhou,9.216853912992576e-05
Quanzhou,9.216853912992576e-05
Jepara,9.147570015791091e-05
Jamaica,9.147570015791091e-05
Jakarta,9.147570015791091e-05
Jinhua,9.147570015791091e-05
Manila,8.91290039491005e-05
Malaysia,8.91290039491005e-05
Mombasa,8.91290039491005e-05
Matola,8.91290039491005e-05
Mérida,8.91290039491005e-05
Monrovia,8.91290039491005e-05
Mongolia,8.91290039491005e-05
Malta,8.91290039491005e-05
Moldova,8.91290039491005e-05
Micronesia,8.91290039491005e-05
Mauritania,8.91290039491005e-05
Mwanza,8.91290039491005e-05
Vanuatu,8.783402571306758e-05
Jieyang,8.203360434568212e-05
Jiaxing,8.203360434568212e-05
Jiujiang,8.203360434568212e-05
Jinzhong,8.203360434568212e-05
Johannesburg,8.203360434568212e-05
Jinjiang,8.203360434568212e-05
Jining,8.203360434568212e-05
Quito,7.596935388730026e-05
Qingdao,7.596935388730026e-05
Changchun,7.564935128763801e-05
Cameroon,7.564935128763801e-05
Copenhagen,7.564935128763801e-05
Cape Town,7.564935128763801e-05
Pakistan,6.307200389034528e-05
Putian,6.307200389034528e-05
Pimpri,5.906774226212576e-05
Chennai,5.7511096470353155e-05
Cixi,5.7511096470353155e-05
Cali,5.7511096470353155e-05
Changzhi,5.7511096470353155e-05
Calgary,5.279314693025153e-05
Caloocan City,5.279314693025153e-05
Conakry,5.279314693025153e-05
Morocco,5.191334310465503e-05
Maputo,5.191334310465503e-05
Montevideo,5.191334310465503e-05
Malingao,5.191334310465503e-05
Maracaibo,5.191334310465503e-05
Montenegro,5.191334310465503e-05
Monaco,5.191334310465503e-05
Mexico,5.191334310465503e-05
Peshawar,4.42929935031734e-05
Coimbatore,4.091890625848535e-05
Camayenne,4.091890625848535e-05
Changde,4.091890625848535e-05
Cape Verde,4.091890625848535e-05
Chile,4.091890625848535e-05
Quezon City,3.712829513619334e-05
Changsha,3.43551073348154e-05
Casablanca,3.43551073348154e-05
China,3.43551073348154e-05
Costa Rica,3.43551073348154e-05
Croatia,3.43551073348154e-05
Canada,3.43551073348154e-05
Cuba,3.43551073348154e-05
Cambodia,3.43551073348154e-05
Córdoba,3.43551073348154e-05
Colombia,3.43551073348154e-05
Curitiba,3.43551073348154e-05
Paraguay,3.375299557835758e-05
Palembang,2.1408149973310133e-05
Puyang,2.1408149973310133e-05
Pyongyang,2.1408149973310133e-05
Palau,1.8353191345731952e-05
Pekanbaru,1.8353191345731952e-05
Peru,1.8353191345731952e-05
Cairo,1.687649778917879e-05
Callao,1.687649778917879e-05
Chicago,1.687649778917879e-05
Pretoria,1.4649737664217707e-05
Panama,1.4649737664217707e-05
Papua New Guinea,1.4649737664217707e-05
Patna,1.4649737664217707e-05
Philadelphia,1.4649737664217707e-05
Puebla,1.4649737664217707e-05
Chengdu,1.4239545009619604e-05
Changzhou,1.4239545009619604e-05
Changshu,1.4239545009619604e-05
Chaozhou,1.4239545009619604e-05
Palestine,4.2191244472946966e-06
Porto Alegre,4.2191244472946966e-06
Pune,4.2191244472946966e-06
Prague,4.2191244472946966e-06
Port-au-Prince,4.2191244472946966e-06
Fuyang,0.0
Fes,0.0
Bayan Nur,0.0
Bhopal,0.0
Benin City,0.0
Addis Ababa,0.0
Bamako,0.0
Brisbane,0.0
Baoding,0.0
Fukuoka,0.0
Bao'an,0.0
Baghdad,0.0
Alexandria,0.0
Central African Republic,0.0
Burkina Faso,0.0
Burundi,0.0
Bosnia and Herzegovina,0.0
Botswana,0.0
Brazil,0.0
Brunei,0.0
Bahamas,0.0
Belize,0.0
Belgium,0.0
Belarus,0.0
Barbados,0.0
Bangladesh,0.0
Bahrain,0.0
Bolivia,0.0
Benin,0.0
Bhutan,0.0
Birmingham,0.0
Czech Republic,0.0
Fiji,0.0
Bulgaria,0.0
Dhanbad,0.0
Bandar Lampung,0.0
Adana,0.0
Barcelona,0.0
Bangkok,0.0
Budapest,0.0
Warsaw,0.0
France,0.0
Finland,0.0
Barranquilla,0.0
Santiago de los Caballeros,0.0
Beirut,0.0
Brazzaville,0.0
Tashkent,0.0
Accra,0.0
Fuzhou,0.0
Faisalabad,0.0
Ankara,0.0
Berlin,0.0
Saint Vincent and the Grenadines,0.0
Baotou,0.0
Brasília,0.0
Lomé,0.0
Busan,0.0
Solomon Islands,0.0
Bannu,0.0
Antalya,0.0
Cần Thơ,0.0
Faridabad,0.0
Beijing,0.0
Belém,0.0
Foshan,0.0
Bucharest,0.0
Bengaluru,0.0
Bogotá,0.0
Huế,0.0
Fushun,0.0
Baoji,0.0
Agra,0.0
Bozhou,0.0
Seychelles,0.0
Bursa,0.0
Saint Kitts and Nevis,0.0
Basrah,0.0
Yaoundé,0.0
Ürümqi,0.0
Guiyang,0.0
Buenos Aires,0.0
Bekasi,0.0
Fortaleza,0.0
Guigang,0.0
Bogor,0.0
Bijie,0.0
Baku,0.0
Krasnoyarsk,0.0
Oslo,0.0
Brooklyn,0.0
Belo Horizonte,0.0
Abuja,0.0
Bandung,0.0
Budta,0.0
Belgrade,0.0
Biên Hòa,0.0
Barquisimeto,0.0
Aba,0.0
Austria,0.0
Batam,0.0
Australia,0.0
Armenia,0.0
Argentina,0.0
Antigua and Barbuda,0.0
Andorra,0.0
Angola,0.0
Algeria,0.0
Albania,0.0
