,CityPageRank
Ulsan,0.027524555827807645
Ufa,0.027524555827807645
Ecatepec de Morelos,0.01637758655818923
Erbil,0.01637758655818923
Omsk,0.008208544127400208
Ouagadougou,0.008208544127400208
Onitsha,0.008208544127400208
Omdurman,0.008208544127400208
Ordos,0.008208544127400208
Osaka,0.008208544127400208
Incheon,0.0076127175569620335
Istanbul,0.0076127175569620335
Ibadan,0.0076127175569620335
Indore,0.0076127175569620335
İzmir,0.0076127175569620335
Isfahan,0.0076127175569620335
Ilorin,0.0076127175569620335
Iztapalapa,0.0076127175569620335
Oslo,0.007189704322156662
New Territories,0.006047550656958908
Niamey,0.006047550656958908
New Taipei City,0.006047550656958908
Nowrangapur,0.006047550656958908
Nizhniy Novgorod,0.006047550656958908
Neijiang,0.006047550656958908
Ningbo,0.006047550656958908
Nanning,0.006047550656958908
Nairobi,0.006047550656958908
Nouakchott,0.006047550656958908
N'Djamena,0.006047550656958908
Nantong,0.006047550656958908
Najafgarh,0.006047550656958908
Nashik,0.006047550656958908
Navi Mumbai,0.006047550656958908
Nanchang,0.006047550656958908
Nagpur,0.006047550656958908
Nagoya,0.006047550656958908
Nanjing,0.006047550656958908
Novosibirsk,0.006047550656958908
Nanyang,0.006047550656958908
New York City,0.006047550656958908
Nanchong,0.006047550656958908
Almaty,0.005896622482443787
Aden,0.005896622482443787
Anyang,0.005896622482443787
Auckland,0.005896622482443787
Aleppo,0.005896622482443787
Al Başrah al Qadīmah,0.005896622482443787
Al Mawşil al Jadīdah,0.005896622482443787
Adelaide,0.005896622482443787
Anshan,0.005896622482443787
Abu Dhabi,0.005896622482443787
Asunción,0.005896622482443787
Antananarivo,0.005896622482443787
Amman,0.005896622482443787
Aurangabad,0.005896622482443787
Abidjan,0.005896622482443787
Ahmedabad,0.005896622482443787
Amritsar,0.005896622482443787
Algiers,0.005896622482443787
Abobo,0.005896622482443787
Addis Ababa,0.005716669657166109
Alexandria,0.005716669657166109
Ankara,0.005716669657166109
Aba,0.005716669657166109
Abuja,0.005716669657166109
Antalya,0.005716669657166109
Adana,0.005716669657166109
Accra,0.005716669657166109
Agra,0.005716669657166109
Gazipur,0.005085829917284654
Guayaquil,0.005085829917284654
Gujranwala,0.005085829917284654
Goyang-si,0.005085829917284654
Gorakhpur,0.005085829917284654
Ghāziābād,0.005085829917284654
Gustavo Adolfo Madero,0.005085829917284654
Gwalior,0.005085829917284654
Gaziantep,0.005085829917284654
Guankou,0.005085829917284654
Ganzhou,0.005085829917284654
Gwangju,0.005085829917284654
Guarulhos,0.005085829917284654
Guilin,0.005085829917284654
Guadalajara,0.005085829917284654
Goiânia,0.005085829917284654
Giza,0.005085829917284654
Guangzhou,0.005085829917284654
Guigang,0.004868004239201431
Guiyang,0.00486800423920143
Rostov-na-Donu,0.004354480171968529
Ranchi,0.004354480171968529
Rasapūdipalem,0.004354480171968529
Rabat,0.004354480171968529
Recife,0.004354480171968529
Rio de Janeiro,0.004354480171968529
Riyadh,0.004354480171968529
Rome,0.004354480171968529
Ra’s Bayrūt,0.004354480171968529
Rawalpindi,0.004354480171968529
Rājkot,0.004354480171968529
Yancheng,0.0020066288328918352
Yangzhou,0.0020066288328918352
Yantai,0.0020066288328918352
Yekaterinburg,0.0020066288328918352
Yiwu,0.0020066288328918352
Yinchuan,0.0020066288328918352
Yerevan,0.0020066288328918352
Yunfu,0.0020066288328918352
Yulin,0.0020066288328918352
Yichang,0.0020066288328918352
Yangjiang,0.0020066288328918352
Yixing,0.0020066288328918352
Yokohama,0.0020066288328918352
Yangon,0.0020066288328918352
Yaoundé,0.0020066288328918352
Dubai,0.001626466544250021
Dammam,0.001626466544250021
Dakar,0.001626466544250021
Daegu,0.001626466544250021
Dallas,0.001626466544250021
Douala,0.001626466544250021
Da Nang,0.001626466544250021
Durban,0.001626466544250021
Dalian,0.001626466544250021
Delhi,0.001626466544250021
Dhaka,0.001626466544250021
Dazhou,0.001626466544250021
Daqing,0.001626466544250021
Damascus,0.001626466544250021
Diyarbakır,0.001626466544250021
Datong,0.001626466544250021
Dar es Salaam,0.001626466544250021
Dombivali,0.001626466544250021
Daejeon,0.001626466544250021
Davao,0.001626466544250021
Dongguan,0.001626466544250021
Depok,0.001626466544250021
Dhanbad,0.0015659433410777986
London,0.001436084895296232
Lima,0.001436084895296232
Liuzhou,0.001436084895296232
La Paz,0.001436084895296232
Luoyang,0.001436084895296232
Lanzhou,0.001436084895296232
Liaocheng,0.001436084895296232
Linyi,0.001436084895296232
Ludhiana,0.001436084895296232
León de los Aldama,0.001436084895296232
Lu’an,0.001436084895296232
Lomé,0.001436084895296232
Lianyungang,0.001436084895296232
Lusaka,0.001436084895296232
Lubumbashi,0.001436084895296232
Lilongwe,0.001436084895296232
Lahore,0.001436084895296232
Luohu District,0.001436084895296232
Luohe,0.001436084895296232
Liupanshui,0.001436084895296232
Luanda,0.001436084895296232
Lucknow,0.001436084895296232
Lagos,0.001436084895296232
Lüliang,0.001436084895296232
Los Angeles,0.001436084895296232
Tainan,0.0013907231639686377
Tangshan,0.0013907231639686377
Tianshui,0.0013907231639686377
Toronto,0.0013907231639686377
Taguig,0.0013907231639686377
Tabriz,0.0013907231639686377
Taichung,0.0013907231639686377
Tripoli,0.0013907231639686377
Taiyuan,0.0013907231639686377
Tai’an,0.0013907231639686377
Taizhou,0.0013907231639686377
Tianjin,0.0013907231639686377
Tokyo,0.0013907231639686377
Touba,0.0013907231639686377
Tirunelveli,0.0013907231639686377
Tangerang,0.0013907231639686377
The Bronx,0.0013907231639686377
Tijuana,0.0013907231639686377
Taipei,0.0013907231639686377
Tehran,0.0013907231639686377
Thāne,0.0013907231639686377
Surat,0.0013521121928222754
Samara,0.0013521121928222754
Sofia,0.0013521121928222754
Shanghai,0.0013521121928222754
Shenzhen,0.0013521121928222754
São Paulo,0.0013521121928222754
Semarang,0.0013521121928222754
Seoul,0.0013521121928222754
Santiago de Querétaro,0.0013521121928222754
Sapporo,0.0013521121928222754
Santa Cruz de la Sierra,0.0013521121928222754
Sharjah,0.0013521121928222754
South Tangerang,0.0013521121928222754
Suqian,0.0013521121928222754
Santo Domingo,0.0013521121928222754
San Diego,0.0013521121928222754
Shangqiu,0.0013521121928222754
Stockholm,0.0013521121928222754
Surabaya,0.0013521121928222754
Shaoxing,0.0013521121928222754
Shenyang,0.0013521121928222754
Santiago,0.0013521121928222754
Shiyan,0.0013521121928222754
Sydney,0.0013521121928222754
Srinagar,0.0013521121928222754
Saint Petersburg,0.0013521121928222754
Suzhou,0.0013521121928222754
Singapore,0.0013521121928222754
Shantou,0.0013521121928222754
Shiraz,0.0013521121928222754
Shijiazhuang,0.0013521121928222754
Shubrā al Khaymah,0.0013521121928222754
Salvador,0.0013521121928222754
Saitama,0.0013521121928222754
Suwon,0.0013521121928222754
Shymkent,0.0013521121928222754
Shangrao,0.0013521121928222754
Sendai,0.0013521121928222754
Soweto,0.0013521121928222754
Sanaa,0.0013521121928222754
San Antonio,0.0013521121928222754
Tashkent,0.0013366216943176646
Santiago de los Caballeros,0.001324646388092481
Haikou,0.0012734534631530549
Hiroshima,0.0012734534631530549
Hyderabad,0.0012734534631530549
Ho Chi Minh City,0.0012734534631530549
Hong Kong Island,0.0012734534631530549
Harbin,0.0012734534631530549
Heshan,0.0012734534631530549
Huizhou,0.0012734534631530549
Hefei,0.0012734534631530549
Huai'an,0.0012734534631530549
Houston,0.0012734534631530549
Heze,0.0012734534631530549
Hohhot,0.0012734534631530549
Handan,0.0012734534631530549
Huế,0.0012734534631530549
Haiphong,0.0012734534631530549
Havana,0.0012734534631530549
Hamburg,0.0012734534631530549
Harare,0.0012734534631530549
Huainan,0.0012734534631530549
Huaibei,0.0012734534631530549
Hengyang,0.0012734534631530549
Hanoi,0.0012734534631530549
Hong Kong,0.0012734534631530549
Hangzhou,0.0012734534631530549
Karachi,0.0008947900395987283
Kigali,0.0008947900395987283
Kallakurichi,0.0008947900395987283
Khulna,0.0008947900395987283
Kaifeng,0.0008947900395987283
Khartoum,0.0008947900395987283
Kakamega,0.0008947900395987283
Kuala Lumpur,0.0008947900395987283
Kunshan,0.0008947900395987283
Kowloon,0.0008947900395987283
Kyoto,0.0008947900395987283
Kobe,0.0008947900395987283
Kawasaki,0.0008947900395987283
Kaduna,0.0008947900395987283
Kampala,0.0008947900395987283
Kharkiv,0.0008947900395987283
Kayseri,0.0008947900395987283
Kathmandu,0.0008947900395987283
Karaj,0.0008947900395987283
Kananga,0.0008947900395987283
Kazan,0.0008947900395987283
Karbala,0.0008947900395987283
Kunming,0.0008947900395987283
Kano,0.0008947900395987283
Kinshasa,0.0008947900395987283
Kyiv,0.0008947900395987283
Kanpur,0.0008947900395987283
Kaohsiung,0.0008947900395987283
Kalyān,0.0008947900395987283
Kumasi,0.0008947900395987283
Konya,0.0008947900395987283
Kabul,0.0008947900395987283
Kisangani,0.0008947900395987283
Kolkata,0.0008947900395987283
Krasnoyarsk,0.000872965652582422
Zunyi,0.0006586101414319492
Zhaoqing,0.0006586101414319492
Zhengzhou,0.0006586101414319492
Zhanjiang,0.0006586101414319492
Zigong,0.0006586101414319492
Zhuzhou,0.0006586101414319492
Zhuhai,0.0006586101414319492
Zhangjiagang,0.0006586101414319492
Zibo,0.0006586101414319492
Zhongshan,0.0006586101414319492
Zapopan,0.0006586101414319492
Wuhan,0.0005878496221648588
Wuhu,0.0005878496221648588
Weifang,0.0005878496221648588
Wuxi,0.0005878496221648588
Wanzhou,0.0005878496221648588
Weinan,0.0005878496221648588
Wenzhou,0.0005878496221648588
Madrid,0.0005650548579179727
Madinah,0.0005650548579179727
Mogadishu,0.0005650548579179727
Milan,0.0005650548579179727
Manila,0.0005650548579179727
Mianyang,0.0005650548579179727
Medellín,0.0005650548579179727
Multan,0.0005650548579179727
Manaus,0.0005650548579179727
Mbuji-Mayi,0.0005650548579179727
Manhattan,0.0005650548579179727
Monrovia,0.0005650548579179727
Makkah,0.0005650548579179727
Madurai,0.0005650548579179727
Malingao,0.0005650548579179727
Montréal,0.0005650548579179727
Mwanza,0.0005650548579179727
Melbourne,0.0005650548579179727
Matola,0.0005650548579179727
Mérida,0.0005650548579179727
Meerut,0.0005650548579179727
Mashhad,0.0005650548579179727
Montevideo,0.0005650548579179727
Munich,0.0005650548579179727
Makassar,0.0005650548579179727
Medan,0.0005650548579179727
Maoming,0.0005650548579179727
Mombasa,0.0005650548579179727
Mandalay,0.0005650548579179727
Maputo,0.0005650548579179727
Minsk,0.0005650548579179727
Mosul,0.0005650548579179727
Maracaibo,0.0005650548579179727
Mexico City,0.0005650548579179727
Maiduguri,0.0005650548579179727
Mumbai,0.0005650548579179727
Monterrey,0.0005650548579179727
Moscow,0.0005650548579179727
Meishan,0.0005650548579179727
Xinyang,0.0005421421180308003
Xiamen,0.0005421421180308003
Xuzhou,0.0005421421180308003
Xining,0.0005421421180308003
Xi’an,0.0005421421180308003
Xuchang,0.0005421421180308003
Xiangyang,0.0005421421180308003
Valencia,0.0005288872848508881
Vadodara,0.0005288872848508881
Vijayawada,0.0005288872848508881
Varanasi,0.0005288872848508881
Virār,0.0005288872848508881
Visakhapatnam,0.0005288872848508881
Vienna,0.0005288872848508881
Warsaw,0.0005242141862234554
Putian,0.0005081077813270262
Pekanbaru,0.0005081077813270262
Patna,0.0005081077813270262
Paris,0.0005081077813270262
Phnom Penh,0.0005081077813270262
Port Harcourt,0.0005081077813270262
Pretoria,0.0005081077813270262
Porto Alegre,0.0005081077813270262
Phoenix,0.0005081077813270262
Palembang,0.0005081077813270262
Philadelphia,0.0005081077813270262
Pimpri-Chinchwad,0.0005081077813270262
Puebla,0.0005081077813270262
Puyang,0.0005081077813270262
Prayagraj,0.0005081077813270262
Prague,0.0005081077813270262
Pyongyang,0.0005081077813270262
Peshawar,0.0005081077813270262
Port-au-Prince,0.0005081077813270262
Pune,0.0005081077813270262
Perth,0.0005081077813270262
Pimpri,0.0005081077813270262
Jinhua,0.00037119317341744584
Jabalpur,0.00037119317341744584
Jingzhou,0.00037119317341744584
Jodhpur,0.00037119317341744584
Jiaxing,0.00037119317341744584
Jinan,0.00037119317341744584
Jinzhong,0.00037119317341744584
Jining,0.00037119317341744584
Jeddah,0.00037119317341744584
Jiujiang,0.00037119317341744584
Jaipur,0.00037119317341744584
Jepara,0.00037119317341744584
Jiangmen,0.00037119317341744584
Jiangyin,0.00037119317341744584
Jilin,0.00037119317341744584
Jieyang,0.00037119317341744584
Jamshedpur,0.00037119317341744584
Jinjiang,0.00037119317341744584
Johannesburg,0.00037119317341744584
Jakarta,0.00037119317341744584
Baghdad,0.00031157259979098476
Qingdao,0.00031157259979098476
Bogotá,0.00031157259979098476
Cairo,0.00031157259979098476
Foshan,0.00031157259979098476
Bengaluru,0.00031157259979098476
Bijie,0.00031157259979098476
Chongqing,0.00031157259979098476
Cần Thơ,0.00031157259979098476
Conakry,0.00031157259979098476
Brazzaville,0.00031157259979098476
Beirut,0.00031157259979098476
Curitiba,0.00031157259979098476
Camayenne,0.00031157259979098476
Quetta,0.00031157259979098476
Fukuoka,0.00031157259979098476
Bucharest,0.00031157259979098476
Changshu,0.00031157259979098476
Baku,0.00031157259979098476
Bogor,0.00031157259979098476
Ciudad Nezahualcoyotl,0.00031157259979098476
Bhopal,0.00031157259979098476
Fuyang,0.00031157259979098476
Benin City,0.00031157259979098476
Bayan Nur,0.00031157259979098476
Chaozhou,0.00031157259979098476
Qingyuan,0.00031157259979098476
Budapest,0.00031157259979098476
Caloocan City,0.00031157259979098476
Barcelona,0.00031157259979098476
Córdoba,0.00031157259979098476
Baotou,0.00031157259979098476
Coimbatore,0.00031157259979098476
Qingyang,0.00031157259979098476
Brasília,0.00031157259979098476
Ciudad Juárez,0.00031157259979098476
Cixi,0.00031157259979098476
Changde,0.00031157259979098476
Quanzhou,0.00031157259979098476
Belém,0.00031157259979098476
Biên Hòa,0.00031157259979098476
Belgrade,0.00031157259979098476
Callao,0.00031157259979098476
Bursa,0.00031157259979098476
Budta,0.00031157259979098476
Qinzhou,0.00031157259979098476
Cali,0.00031157259979098476
Fortaleza,0.00031157259979098476
Chicago,0.00031157259979098476
Fushun,0.00031157259979098476
Faridabad,0.00031157259979098476
Baoji,0.00031157259979098476
Bozhou,0.00031157259979098476
Qujing,0.00031157259979098476
Bannu,0.00031157259979098476
Queens,0.00031157259979098476
Bandung,0.00031157259979098476
Bekasi,0.00031157259979098476
Basrah,0.00031157259979098476
Calgary,0.00031157259979098476
Changsha,0.00031157259979098476
Quezon City,0.00031157259979098476
Brooklyn,0.00031157259979098476
Belo Horizonte,0.00031157259979098476
Caracas,0.00031157259979098476
Ürümqi,0.00031157259979098476
Buenos Aires,0.00031157259979098476
Quito,0.00031157259979098476
Brisbane,0.00031157259979098476
Baoding,0.00031157259979098476
Chattogram,0.00031157259979098476
Changzhi,0.00031157259979098476
Barquisimeto,0.00031157259979098476
Busan,0.00031157259979098476
Casablanca,0.00031157259979098476
Bamako,0.00031157259979098476
Faisalabad,0.00031157259979098476
Fuzhou,0.00031157259979098476
Bangkok,0.00031157259979098476
Changzhou,0.00031157259979098476
Berlin,0.00031157259979098476
Barranquilla,0.00031157259979098476
Changchun,0.00031157259979098476
Cape Town,0.00031157259979098476
Chennai,0.00031157259979098476
Bao'an,0.00031157259979098476
Fes,0.00031157259979098476
Chelyabinsk,0.00031157259979098476
Bandar Lampung,0.00031157259979098476
Batam,0.00031157259979098476
Birmingham,0.00031157259979098476
Copenhagen,0.00031157259979098476
Chengdu,0.00031157259979098476
Beijing,0.00031157259979098476
