,CombinedPageRank
Ouagadougou,0.0066802359931447605
Omdurman,0.0066802359931447605
Ordos,0.0066802359931447605
Oman,0.0066802359931447605
Osaka,0.0066802359931447605
Omsk,0.0066802359931447605
Onitsha,0.0066802359931447605
Algiers,0.006271550200237897
Afghanistan,0.006271550200237897
Amman,0.006271550200237897
Anyang,0.006271550200237897
Abobo,0.006271550200237897
Asunción,0.006271550200237897
Azerbaijan,0.006271550200237897
Almaty,0.006271550200237897
Abu Dhabi,0.006271550200237897
Adelaide,0.006271550200237897
Al Başrah al Qadīmah,0.006271550200237897
Auckland,0.006271550200237897
Anshan,0.006271550200237897
Abidjan,0.006271550200237897
Ahmedabad,0.006271550200237897
Antananarivo,0.006271550200237897
Aden,0.006271550200237897
Amritsar,0.006271550200237897
Al Mawşil al Jadīdah,0.006271550200237897
Aleppo,0.006271550200237897
Aurangabad,0.006271550200237897
Albania,0.006134332329596467
Austria,0.006134332329596467
Argentina,0.006134332329596467
Australia,0.006134332329596467
Armenia,0.006134332329596467
Andorra,0.006134332329596467
Algeria,0.006134332329596467
Angola,0.006134332329596467
Antigua and Barbuda,0.006134332329596467
Alexandria,0.006134332329596467
Agra,0.006134332329596467
Adana,0.006134332329596467
Abuja,0.006134332329596467
Addis Ababa,0.006134332329596467
Antalya,0.006134332329596467
Ankara,0.006134332329596467
Aba,0.006134332329596467
Accra,0.006134332329596467
Oslo,0.005956963744491822
Ukraine,0.005120525090947178
Uzbekistan,0.005120525090947178
United States,0.005120525090947178
Ulsan,0.005120525090947178
Ufa,0.005120525090947178
Uganda,0.005120525090947178
United Arab Emirates,0.005120525090947178
Uruguay,0.005120525090947178
United Kingdom,0.005120525090947178
Najafgarh,0.003765149276129048
Novosibirsk,0.003765149276129048
New York City,0.003765149276129048
Nanchong,0.003765149276129048
Nanchang,0.003765149276129048
Nagoya,0.003765149276129048
Nagpur,0.003765149276129048
Nantong,0.003765149276129048
Nairobi,0.003765149276129048
Navi Mumbai,0.003765149276129048
Nouakchott,0.003765149276129048
N'Djamena,0.003765149276129048
Namibia,0.003765149276129048
Niger,0.003765149276129048
Neijiang,0.003765149276129048
Nowrangapur,0.003765149276129048
Nepal,0.003765149276129048
Nicaragua,0.003765149276129048
Nigeria,0.003765149276129048
Nanjing,0.003765149276129048
New Taipei City,0.003765149276129048
New Territories,0.003765149276129048
Nanyang,0.003765149276129048
Netherlands,0.003765149276129048
Niamey,0.003765149276129048
North Korea,0.003765149276129048
North Macedonia,0.003765149276129048
Norway,0.003765149276129048
Nauru,0.003765149276129048
Nizhniy Novgorod,0.003765149276129048
Nanning,0.003765149276129048
Ningbo,0.003765149276129048
Nashik,0.003765149276129048
New Zealand,0.003765149276129048
Egypt,0.003435682053477868
Ecuador,0.003435682053477868
Eritrea,0.003435682053477868
Eswatini,0.003435682053477868
Ethiopia,0.003435682053477868
Equatorial Guinea,0.003435682053477868
El Salvador,0.003435682053477868
Ecatepec de Morelos,0.003435682053477868
Erbil,0.003435682053477868
Estonia,0.003435682053477868
Iztapalapa,0.0030403964522497393
Ireland,0.0030403964522497393
Ivory Coast,0.0030403964522497393
Israel,0.0030403964522497393
Italy,0.0030403964522497393
Istanbul,0.0030403964522497393
Iceland,0.0030403964522497393
İzmir,0.0030403964522497393
India,0.0030403964522497393
Indonesia,0.0030403964522497393
Iran,0.0030403964522497393
Iraq,0.0030403964522497393
Indore,0.0030403964522497393
Ibadan,0.0030403964522497393
Incheon,0.0030403964522497393
Isfahan,0.0030403964522497393
Ilorin,0.0030403964522497393
Ranchi,0.00274909653171453
Rwanda,0.00274909653171453
Rome,0.00274909653171453
Rostov-na-Donu,0.00274909653171453
Rabat,0.00274909653171453
Recife,0.00274909653171453
Riyadh,0.00274909653171453
Rawalpindi,0.00274909653171453
Ra’s Bayrūt,0.00274909653171453
Romania,0.00274909653171453
Rasapūdipalem,0.00274909653171453
Republic of the Congo,0.00274909653171453
Russia,0.00274909653171453
Rājkot,0.00274909653171453
Rio de Janeiro,0.00274909653171453
Gujranwala,0.0024103738130948397
Gwalior,0.0024103738130948397
Gabon,0.0024103738130948397
Guilin,0.0024103738130948397
Guinea,0.0024103738130948397
Gambia,0.0024103738130948397
Gorakhpur,0.0024103738130948397
Georgia,0.0024103738130948397
Guyana,0.0024103738130948397
Guinea-Bissau,0.0024103738130948397
Guayaquil,0.0024103738130948397
Gazipur,0.0024103738130948397
Goiânia,0.0024103738130948397
Guangzhou,0.0024103738130948397
Guadalajara,0.0024103738130948397
Guankou,0.0024103738130948397
Gwangju,0.0024103738130948397
Giza,0.0024103738130948397
Germany,0.0024103738130948397
Ganzhou,0.0024103738130948397
Gaziantep,0.0024103738130948397
Gustavo Adolfo Madero,0.0024103738130948397
Ghāziābād,0.0024103738130948397
Grenada,0.0024103738130948397
Guatemala,0.0024103738130948397
Greece,0.0024103738130948397
Ghana,0.0024103738130948397
Goyang-si,0.0024103738130948397
Guarulhos,0.0024103738130948397
Guigang,0.0023439581546096403
Guiyang,0.0023439581546096403
Yerevan,0.00228829437123749
Yunfu,0.00228829437123749
Yichang,0.00228829437123749
Yangon,0.00228829437123749
Yixing,0.00228829437123749
Yemen,0.00228829437123749
Yangzhou,0.00228829437123749
Yaoundé,0.00228829437123749
Yokohama,0.00228829437123749
Yancheng,0.00228829437123749
Yinchuan,0.00228829437123749
Yiwu,0.00228829437123749
Yekaterinburg,0.00228829437123749
Yangjiang,0.00228829437123749
Yantai,0.00228829437123749
Yulin,0.00228829437123749
Dallas,0.001514811362525945
Douala,0.001514811362525945
Dalian,0.001514811362525945
Dubai,0.001514811362525945
Dammam,0.001514811362525945
Da Nang,0.001514811362525945
Diyarbakır,0.001514811362525945
Dominica,0.001514811362525945
Dakar,0.001514811362525945
Daegu,0.001514811362525945
Davao,0.001514811362525945
Datong,0.001514811362525945
Dominican Republic,0.001514811362525945
Dombivali,0.001514811362525945
Dar es Salaam,0.001514811362525945
Daejeon,0.001514811362525945
Dazhou,0.001514811362525945
Damascus,0.001514811362525945
Durban,0.001514811362525945
Daqing,0.001514811362525945
Dongguan,0.001514811362525945
Delhi,0.001514811362525945
Depok,0.001514811362525945
Dhaka,0.001514811362525945
Djibouti,0.001514811362525945
Democratic Republic of the Congo,0.001514811362525945
Denmark,0.001514811362525945
Dhanbad,0.0014685834975749017
Harare,0.0009330691703930518
Huizhou,0.0009330691703930518
Hanoi,0.0009330691703930518
Hangzhou,0.0009330691703930518
Hyderabad,0.0009330691703930518
Huế,0.0009330691703930518
Hengyang,0.0009330691703930518
Huaibei,0.0009330691703930518
Ho Chi Minh City,0.0009330691703930518
Havana,0.0009330691703930518
Hungary,0.0009330691703930518
Hong Kong,0.0009330691703930518
Handan,0.0009330691703930518
Hong Kong Island,0.0009330691703930518
Haiti,0.0009330691703930518
Honduras,0.0009330691703930518
Haiphong,0.0009330691703930518
Hiroshima,0.0009330691703930518
Heze,0.0009330691703930518
Heshan,0.0009330691703930518
Huainan,0.0009330691703930518
Haikou,0.0009330691703930518
Huai'an,0.0009330691703930518
Hamburg,0.0009330691703930518
Houston,0.0009330691703930518
Hohhot,0.0009330691703930518
Harbin,0.0009330691703930518
Hefei,0.0009330691703930518
Surat,0.0008795902187245575
Samoa,0.0008795902187245575
Shymkent,0.0008795902187245575
Suwon,0.0008795902187245575
Samara,0.0008795902187245575
Sofia,0.0008795902187245575
Shaoxing,0.0008795902187245575
Sapporo,0.0008795902187245575
Sanaa,0.0008795902187245575
Salvador,0.0008795902187245575
Semarang,0.0008795902187245575
Shubrā al Khaymah,0.0008795902187245575
Sharjah,0.0008795902187245575
Srinagar,0.0008795902187245575
Sweden,0.0008795902187245575
Sudan,0.0008795902187245575
Slovakia,0.0008795902187245575
Surabaya,0.0008795902187245575
Santa Cruz de la Sierra,0.0008795902187245575
Soweto,0.0008795902187245575
Shijiazhuang,0.0008795902187245575
Suriname,0.0008795902187245575
Somalia,0.0008795902187245575
South Africa,0.0008795902187245575
South Korea,0.0008795902187245575
South Sudan,0.0008795902187245575
Spain,0.0008795902187245575
Sri Lanka,0.0008795902187245575
São Tomé and Príncipe,0.0008795902187245575
Syria,0.0008795902187245575
Shiraz,0.0008795902187245575
Switzerland,0.0008795902187245575
Saitama,0.0008795902187245575
Saint Petersburg,0.0008795902187245575
Santiago,0.0008795902187245575
Suzhou,0.0008795902187245575
Santiago de Querétaro,0.0008795902187245575
Sydney,0.0008795902187245575
Senegal,0.0008795902187245575
Sendai,0.0008795902187245575
San Marino,0.0008795902187245575
Saint Lucia,0.0008795902187245575
Santo Domingo,0.0008795902187245575
Shenzhen,0.0008795902187245575
Shanghai,0.0008795902187245575
Shangrao,0.0008795902187245575
San Diego,0.0008795902187245575
Suqian,0.0008795902187245575
South Tangerang,0.0008795902187245575
Seoul,0.0008795902187245575
Saudi Arabia,0.0008795902187245575
Shenyang,0.0008795902187245575
São Paulo,0.0008795902187245575
Slovenia,0.0008795902187245575
Shiyan,0.0008795902187245575
Serbia,0.0008795902187245575
Sierra Leone,0.0008795902187245575
Singapore,0.0008795902187245575
Stockholm,0.0008795902187245575
San Antonio,0.0008795902187245575
Shangqiu,0.0008795902187245575
Shantou,0.0008795902187245575
Santiago de los Caballeros,0.000868401614532384
Seychelles,0.000868401614532384
Solomon Islands,0.000868401614532384
Saint Kitts and Nevis,0.000868401614532384
Saint Vincent and the Grenadines,0.000868401614532384
Taipei,0.0008610556242976981
Taiyuan,0.0008610556242976981
Tianjin,0.0008610556242976981
Taichung,0.0008610556242976981
Tai’an,0.0008610556242976981
Toronto,0.0008610556242976981
Tianshui,0.0008610556242976981
Tainan,0.0008610556242976981
Tajikistan,0.0008610556242976981
Taguig,0.0008610556242976981
Tanzania,0.0008610556242976981
Tangerang,0.0008610556242976981
Tijuana,0.0008610556242976981
Thāne,0.0008610556242976981
Thailand,0.0008610556242976981
Timor-Leste,0.0008610556242976981
Tangshan,0.0008610556242976981
Tokyo,0.0008610556242976981
Tuvalu,0.0008610556242976981
Turkey,0.0008610556242976981
Tabriz,0.0008610556242976981
The Bronx,0.0008610556242976981
Trinidad and Tobago,0.0008610556242976981
Tunisia,0.0008610556242976981
Touba,0.0008610556242976981
Tonga,0.0008610556242976981
Togo,0.0008610556242976981
Tehran,0.0008610556242976981
Tirunelveli,0.0008610556242976981
Turkmenistan,0.0008610556242976981
Tripoli,0.0008610556242976981
Taizhou,0.0008610556242976981
Tashkent,0.0008387704262648966
Luohu District,0.0007212106267943618
Lianyungang,0.0007212106267943618
London,0.0007212106267943618
Lima,0.0007212106267943618
Luoyang,0.0007212106267943618
Liuzhou,0.0007212106267943618
Lilongwe,0.0007212106267943618
Lubumbashi,0.0007212106267943618
Lahore,0.0007212106267943618
Lagos,0.0007212106267943618
Lusaka,0.0007212106267943618
Lomé,0.0007212106267943618
La Paz,0.0007212106267943618
Lu’an,0.0007212106267943618
Los Angeles,0.0007212106267943618
Ludhiana,0.0007212106267943618
Lüliang,0.0007212106267943618
León de los Aldama,0.0007212106267943618
Libya,0.0007212106267943618
Liberia,0.0007212106267943618
Lanzhou,0.0007212106267943618
Liaocheng,0.0007212106267943618
Luohe,0.0007212106267943618
Liupanshui,0.0007212106267943618
Luanda,0.0007212106267943618
Linyi,0.0007212106267943618
Laos,0.0007212106267943618
Liechtenstein,0.0007212106267943618
Luxembourg,0.0007212106267943618
Lithuania,0.0007212106267943618
Lebanon,0.0007212106267943618
Latvia,0.0007212106267943618
Lesotho,0.0007212106267943618
Lucknow,0.0007212106267943618
Kazakhstan,0.0006219443086231116
Kenya,0.0006219443086231116
Kiribati,0.0006219443086231116
Kuwait,0.0006219443086231116
Karbala,0.0006219443086231116
Kazan,0.0006219443086231116
Kananga,0.0006219443086231116
Kakamega,0.0006219443086231116
Kaduna,0.0006219443086231116
Kunshan,0.0006219443086231116
Kawasaki,0.0006219443086231116
Kaohsiung,0.0006219443086231116
Kyiv,0.0006219443086231116
Kanpur,0.0006219443086231116
Kinshasa,0.0006219443086231116
Kalyān,0.0006219443086231116
Kumasi,0.0006219443086231116
Khartoum,0.0006219443086231116
Kowloon,0.0006219443086231116
Kigali,0.0006219443086231116
Kano,0.0006219443086231116
Kabul,0.0006219443086231116
Kunming,0.0006219443086231116
Karachi,0.0006219443086231116
Konya,0.0006219443086231116
Kharkiv,0.0006219443086231116
Kayseri,0.0006219443086231116
Kyrgyzstan,0.0006219443086231116
Kisangani,0.0006219443086231116
Khulna,0.0006219443086231116
Kathmandu,0.0006219443086231116
Karaj,0.0006219443086231116
Kaifeng,0.0006219443086231116
Kuala Lumpur,0.0006219443086231116
Kyoto,0.0006219443086231116
Kobe,0.0006219443086231116
Kallakurichi,0.0006219443086231116
Kampala,0.0006219443086231116
Kolkata,0.0006219443086231116
Krasnoyarsk,0.0006086731129426584
Qingyuan,0.00045771946208327533
Qinzhou,0.00045771946208327533
Quetta,0.00045771946208327533
Qatar,0.00045771946208327533
Qingyang,0.00045771946208327533
Queens,0.00045771946208327533
Qingdao,0.00045771946208327533
Quito,0.00045771946208327533
Qujing,0.00045771946208327533
Quanzhou,0.00045771946208327533
Quezon City,0.00045771946208327533
Monterrey,0.0004344293317501276
Malawi,0.0004344293317501276
Maldives,0.0004344293317501276
Malaysia,0.0004344293317501276
Marshall Islands,0.0004344293317501276
Micronesia,0.0004344293317501276
Madagascar,0.0004344293317501276
Mauritius,0.0004344293317501276
Malta,0.0004344293317501276
Mexico City,0.0004344293317501276
Melbourne,0.0004344293317501276
Milan,0.0004344293317501276
Makassar,0.0004344293317501276
Mali,0.0004344293317501276
Madurai,0.0004344293317501276
Mérida,0.0004344293317501276
Minsk,0.0004344293317501276
Morocco,0.0004344293317501276
Montenegro,0.0004344293317501276
Mongolia,0.0004344293317501276
Mumbai,0.0004344293317501276
Manaus,0.0004344293317501276
Maiduguri,0.0004344293317501276
Malingao,0.0004344293317501276
Montréal,0.0004344293317501276
Multan,0.0004344293317501276
Munich,0.0004344293317501276
Medellín,0.0004344293317501276
Meishan,0.0004344293317501276
Maracaibo,0.0004344293317501276
Mashhad,0.0004344293317501276
Mwanza,0.0004344293317501276
Mombasa,0.0004344293317501276
Meerut,0.0004344293317501276
Mandalay,0.0004344293317501276
Maputo,0.0004344293317501276
Mbuji-Mayi,0.0004344293317501276
Mosul,0.0004344293317501276
Monrovia,0.0004344293317501276
Makkah,0.0004344293317501276
Mauritania,0.0004344293317501276
Mexico,0.0004344293317501276
Matola,0.0004344293317501276
Manhattan,0.0004344293317501276
Mianyang,0.0004344293317501276
Moscow,0.0004344293317501276
Myanmar,0.0004344293317501276
Montevideo,0.0004344293317501276
Madinah,0.0004344293317501276
Monaco,0.0004344293317501276
Moldova,0.0004344293317501276
Mogadishu,0.0004344293317501276
Mozambique,0.0004344293317501276
Maoming,0.0004344293317501276
Madrid,0.0004344293317501276
Manila,0.0004344293317501276
Medan,0.0004344293317501276
Zhanjiang,0.00040086732949776
Zhuhai,0.00040086732949776
Zhuzhou,0.00040086732949776
Zigong,0.00040086732949776
Zunyi,0.00040086732949776
Zapopan,0.00040086732949776
Zambia,0.00040086732949776
Zhongshan,0.00040086732949776
Zhaoqing,0.00040086732949776
Zibo,0.00040086732949776
Zhangjiagang,0.00040086732949776
Zimbabwe,0.00040086732949776
Zhengzhou,0.00040086732949776
Weifang,0.0003875982388286186
Wuhan,0.0003875982388286186
Wanzhou,0.0003875982388286186
Wuxi,0.0003875982388286186
Weinan,0.0003875982388286186
Wuhu,0.0003875982388286186
Wenzhou,0.0003875982388286186
Xuchang,0.0003622485234105991
Xinyang,0.0003622485234105991
Xuzhou,0.0003622485234105991
Xiamen,0.0003622485234105991
Xi’an,0.0003622485234105991
Xining,0.0003622485234105991
Xiangyang,0.0003622485234105991
Warsaw,0.00034561593755378435
Vanuatu,0.00031899324874166003
Vijayawada,0.00031899324874166003
Vienna,0.00031899324874166003
Valencia,0.00031899324874166003
Varanasi,0.00031899324874166003
Venezuela,0.00031899324874166003
Virār,0.00031899324874166003
Visakhapatnam,0.00031899324874166003
Vadodara,0.00031899324874166003
Vietnam,0.00031899324874166003
Vatican City,0.00031899324874166003
Perth,0.00028686943098464617
Pretoria,0.00028686943098464617
Pekanbaru,0.00028686943098464617
Paris,0.00028686943098464617
Port Harcourt,0.00028686943098464617
Prayagraj,0.00028686943098464617
Poland,0.00028686943098464617
Portugal,0.00028686943098464617
Peru,0.00028686943098464617
Philippines,0.00028686943098464617
Port-au-Prince,0.00028686943098464617
Phoenix,0.00028686943098464617
Palau,0.00028686943098464617
Pakistan,0.00028686943098464617
Palestine,0.00028686943098464617
Pimpri,0.00028686943098464617
Paraguay,0.00028686943098464617
Pyongyang,0.00028686943098464617
Phnom Penh,0.00028686943098464617
Philadelphia,0.00028686943098464617
Putian,0.00028686943098464617
Palembang,0.00028686943098464617
Pimpri-Chinchwad,0.00028686943098464617
Puebla,0.00028686943098464617
Pune,0.00028686943098464617
Patna,0.00028686943098464617
Papua New Guinea,0.00028686943098464617
Panama,0.00028686943098464617
Peshawar,0.00028686943098464617
Puyang,0.00028686943098464617
Prague,0.00028686943098464617
Porto Alegre,0.00028686943098464617
Cixi,0.00026048829350369093
Cyprus,0.00026048829350369093
Croatia,0.00026048829350369093
Costa Rica,0.00026048829350369093
Comoros,0.00026048829350369093
Cuba,0.00026048829350369093
Colombia,0.00026048829350369093
China,0.00026048829350369093
Chile,0.00026048829350369093
Chad,0.00026048829350369093
Cape Verde,0.00026048829350369093
Canada,0.00026048829350369093
Cameroon,0.00026048829350369093
Cambodia,0.00026048829350369093
Camayenne,0.00026048829350369093
Chaozhou,0.00026048829350369093
Ciudad Nezahualcoyotl,0.00026048829350369093
Chelyabinsk,0.00026048829350369093
Changzhi,0.00026048829350369093
Conakry,0.00026048829350369093
Curitiba,0.00026048829350369093
Cali,0.00026048829350369093
Chengdu,0.00026048829350369093
Chicago,0.00026048829350369093
Córdoba,0.00026048829350369093
Coimbatore,0.00026048829350369093
Changshu,0.00026048829350369093
Changsha,0.00026048829350369093
Copenhagen,0.00026048829350369093
Changde,0.00026048829350369093
Chattogram,0.00026048829350369093
Ciudad Juárez,0.00026048829350369093
Cairo,0.00026048829350369093
Chongqing,0.00026048829350369093
Changchun,0.00026048829350369093
Chennai,0.00026048829350369093
Changzhou,0.00026048829350369093
Casablanca,0.00026048829350369093
Cape Town,0.00026048829350369093
Calgary,0.00026048829350369093
Callao,0.00026048829350369093
Caracas,0.00026048829350369093
Caloocan City,0.00026048829350369093
Cần Thơ,0.00026048829350369093
Jiangyin,0.000256433968189933
Jining,0.000256433968189933
Jamaica,0.000256433968189933
Jingzhou,0.000256433968189933
Japan,0.000256433968189933
Jamshedpur,0.000256433968189933
Jieyang,0.000256433968189933
Jabalpur,0.000256433968189933
Jiangmen,0.000256433968189933
Jordan,0.000256433968189933
Jepara,0.000256433968189933
Jinhua,0.000256433968189933
Jodhpur,0.000256433968189933
Jakarta,0.000256433968189933
Jinjiang,0.000256433968189933
Jeddah,0.000256433968189933
Jinzhong,0.000256433968189933
Jilin,0.000256433968189933
Johannesburg,0.000256433968189933
Jinan,0.000256433968189933
Jaipur,0.000256433968189933
Jiujiang,0.000256433968189933
Jiaxing,0.000256433968189933
Central African Republic,0.00025565982363585113
Czech Republic,0.00025565982363585113
Botswana,0.00022284373246695498
Bhutan,0.00022284373246695498
Benin,0.00022284373246695498
Belize,0.00022284373246695498
Belgium,0.00022284373246695498
Belarus,0.00022284373246695498
Barbados,0.00022284373246695498
Bosnia and Herzegovina,0.00022284373246695498
Bolivia,0.00022284373246695498
Burundi,0.00022284373246695498
Burkina Faso,0.00022284373246695498
Bulgaria,0.00022284373246695498
Brunei,0.00022284373246695498
Brazil,0.00022284373246695498
Busan,0.00022284373246695498
Fuzhou,0.00022284373246695498
Berlin,0.00022284373246695498
Baghdad,0.00022284373246695498
Faridabad,0.00022284373246695498
Bozhou,0.00022284373246695498
Bangkok,0.00022284373246695498
Faisalabad,0.00022284373246695498
Fushun,0.00022284373246695498
Bannu,0.00022284373246695498
Bamako,0.00022284373246695498
Baoji,0.00022284373246695498
Bandar Lampung,0.00022284373246695498
France,0.00022284373246695498
Fes,0.00022284373246695498
Bahrain,0.00022284373246695498
Bijie,0.00022284373246695498
Fiji,0.00022284373246695498
Finland,0.00022284373246695498
Batam,0.00022284373246695498
Birmingham,0.00022284373246695498
Belém,0.00022284373246695498
Bahamas,0.00022284373246695498
Bao'an,0.00022284373246695498
Foshan,0.00022284373246695498
Bengaluru,0.00022284373246695498
Bogotá,0.00022284373246695498
Fukuoka,0.00022284373246695498
Bekasi,0.00022284373246695498
Beirut,0.00022284373246695498
Fortaleza,0.00022284373246695498
Basrah,0.00022284373246695498
Budta,0.00022284373246695498
Belgrade,0.00022284373246695498
Biên Hòa,0.00022284373246695498
Bursa,0.00022284373246695498
Ürümqi,0.00022284373246695498
Buenos Aires,0.00022284373246695498
Brisbane,0.00022284373246695498
Baoding,0.00022284373246695498
Brooklyn,0.00022284373246695498
Belo Horizonte,0.00022284373246695498
Beijing,0.00022284373246695498
Budapest,0.00022284373246695498
Barcelona,0.00022284373246695498
Bandung,0.00022284373246695498
Brasília,0.00022284373246695498
Bayan Nur,0.00022284373246695498
Bucharest,0.00022284373246695498
Benin City,0.00022284373246695498
Fuyang,0.00022284373246695498
Bhopal,0.00022284373246695498
Bangladesh,0.00022284373246695498
Bogor,0.00022284373246695498
Baku,0.00022284373246695498
Barquisimeto,0.00022284373246695498
Brazzaville,0.00022284373246695498
Baotou,0.00022284373246695498
Barranquilla,0.00022284373246695498
